"1","U1001","张承庆","13140933538","A1001","2020-08-06 06:07:35"
"2","U1002","张晨朋","13525497426","A1002","2020-08-06 06:07:35"
"3","U1003","张心功","13793228227","A1003","2020-08-06 06:07:35"
"4","U1004","张山泽","13518887199","A1004","2020-08-06 06:07:35"
"5","U1005","张达晨","13513449827","A1005","2020-08-06 06:07:35"
"6","U1006","张富仁","13920285577","A1006","2020-08-06 06:07:35"
"7","U1007","张飞贵","13950003304","A1007","2020-08-06 06:07:35"
"8","U1008","张广明","13764143507","A1008","2020-08-06 06:07:35"
"9","U1009","张波明","13710694770","A1009","2020-08-06 06:07:35"
"10","U1010","张行刚","13775785430","A1010","2020-08-06 06:07:35"
"11","U1011","张晨楠","13523389273","A1011","2020-08-06 06:07:35"
"12","U1012","张振晨","13117679589","A1012","2020-08-06 06:07:35"
"13","U1013","张泰平","13773012853","A1013","2020-08-06 06:07:35"
"14","U1014","张信政","13794888865","A1014","2020-08-06 06:07:35"
"15","U1015","张伟天","15112515632","A1015","2020-08-06 06:07:35"
"16","U1016","张永昌","13753651859","A1016","2020-08-06 06:07:35"
"17","U1017","张波海","13762116193","A1017","2020-08-06 06:07:35"
"18","U1018","张利福","13782640151","A1018","2020-08-06 06:07:35"
"19","U1019","张江楠","13156264722","A1019","2020-08-06 06:07:35"
"20","U1020","张晨泽","13181504049","A1020","2020-08-06 06:07:35"
"21","U1021","张广民","13765912626","A1021","2020-08-06 06:07:35"
"22","U1022","张谦国","13981804877","A1022","2020-08-06 06:07:35"
"23","U1023","张绍学","13919704628","A1023","2020-08-06 06:07:35"
"24","U1024","张鸣光","13119944229","A1024","2020-08-06 06:07:35"
"25","U1025","张　辰","13770003530","A1025","2020-08-06 06:07:35"
"26","U1026","张有盛","13933454300","A1026","2020-08-06 06:07:35"
"27","U1027","张宁星","13924432940","A1027","2020-08-06 06:07:35"
"28","U1028","张天先","13190204854","A1028","2020-08-06 06:07:35"
"29","U1029","张彬强","13798471616","A1029","2020-08-06 06:07:35"
"30","U1030","张新德","13977485710","A1030","2020-08-06 06:07:35"
"31","U1031","张亨盛","13589818441","A1031","2020-08-06 06:07:35"
"32","U1032","张保政","15172935464","A1032","2020-08-06 06:07:35"
"33","U1033","张　元","15166225523","A1033","2020-08-06 06:07:35"
"34","U1034","张哲仁","13726806529","A1034","2020-08-06 06:07:35"
"35","U1035","张泽奇","13724711326","A1035","2020-08-06 06:07:35"
"36","U1036","张奇山","13124830754","A1036","2020-08-06 06:07:35"
"37","U1037","张　彬","13769854425","A1037","2020-08-06 06:07:35"
"38","U1038","张鹏文","13913400997","A1038","2020-08-06 06:07:35"
"39","U1039","张全文","13524879436","A1039","2020-08-06 06:07:35"
"40","U1040","张勇才","13566972230","A1040","2020-08-06 06:07:35"
"41","U1041","张行朋","13553235075","A1041","2020-08-06 06:07:35"
"42","U1042","张松生","13561279824","A1042","2020-08-06 06:07:35"
"43","U1043","张　世","13132029298","A1043","2020-08-06 06:07:35"
"44","U1044","张航固","13716414110","A1044","2020-08-06 06:07:35"
"45","U1045","张固之","15165092599","A1045","2020-08-06 06:07:35"
"46","U1046","张　民","13995923120","A1046","2020-08-06 06:07:35"
"47","U1047","张龙天","13718895492","A1047","2020-08-06 06:07:35"
"48","U1048","张斌义","13969315483","A1048","2020-08-06 06:07:35"
"49","U1049","张涛士","13911950893","A1049","2020-08-06 06:07:35"
"50","U1050","张宁东","13789832777","A1050","2020-08-06 06:07:35"
"51","U1051","张　民","15194794371","A1051","2020-08-06 06:07:35"
"52","U1052","张弘顺","13116149953","A1052","2020-08-06 06:07:35"
"53","U1053","张伯旭","13786050312","A1053","2020-08-06 06:07:35"
"54","U1054","张敬树","13194374187","A1054","2020-08-06 06:07:35"
"55","U1055","张贵利","13582910041","A1055","2020-08-06 06:07:35"
"56","U1056","张功海","13174158213","A1056","2020-08-06 06:07:35"
"57","U1057","张伯诚","13141346041","A1057","2020-08-06 06:07:35"
"58","U1058","张光政","15142546398","A1058","2020-08-06 06:07:35"
"59","U1059","张志博","15119510642","A1059","2020-08-06 06:07:35"
"60","U1060","张泰朋","13764489474","A1060","2020-08-06 06:07:35"
"61","U1061","李先保","13727005593","A1061","2020-08-06 06:07:35"
"62","U1062","李固邦","15170758651","A1062","2020-08-06 06:07:35"
"63","U1063","李启振","13966559021","A1063","2020-08-06 06:07:35"
"64","U1064","李光辰","13536235869","A1064","2020-08-06 06:07:35"
"65","U1065","李利茂","13119068967","A1065","2020-08-06 06:07:35"
"66","U1066","李　策","13780956152","A1066","2020-08-06 06:07:35"
"67","U1067","李朋涛","13189993238","A1067","2020-08-06 06:07:35"
"68","U1068","李　启","15198168246","A1068","2020-08-06 06:07:35"
"69","U1069","李德安","15196195799","A1069","2020-08-06 06:07:35"
"70","U1070","李家晨","13150114006","A1070","2020-08-06 06:07:35"
"71","U1071","李策亮","13964180975","A1071","2020-08-06 06:07:35"
"72","U1072","李弘康","13938504988","A1072","2020-08-06 06:07:35"
"73","U1073","李　伟","13956657375","A1073","2020-08-06 06:07:35"
"74","U1074","李厚琛","13185854529","A1074","2020-08-06 06:07:35"
"75","U1075","李光建","13965050764","A1075","2020-08-06 06:07:35"
"76","U1076","李腾才","13531096056","A1076","2020-08-06 06:07:35"
"77","U1077","李振伟","13770449354","A1077","2020-08-06 06:07:35"
"78","U1078","李维俊","15176321026","A1078","2020-08-06 06:07:35"
"79","U1079","李厚士","13190095799","A1079","2020-08-06 06:07:35"
"80","U1080","李雄树","15166130517","A1080","2020-08-06 06:07:35"
"81","U1081","李　裕","13945731062","A1081","2020-08-06 06:07:35"
"82","U1082","李坚伟","13923933542","A1082","2020-08-06 06:07:35"
"83","U1083","李东信","15150299039","A1083","2020-08-06 06:07:35"
"84","U1084","李有鹏","13734583128","A1084","2020-08-06 06:07:35"
"85","U1085","李腾豪","13538825546","A1085","2020-08-06 06:07:35"
"86","U1086","李功海","15166867183","A1086","2020-08-06 06:07:35"
"87","U1087","李言昌","13145414710","A1087","2020-08-06 06:07:35"
"88","U1088","李俊有","13549559116","A1088","2020-08-06 06:07:35"
"89","U1089","李轮泰","15123778510","A1089","2020-08-06 06:07:35"
"90","U1090","李炎星","13176458521","A1090","2020-08-06 06:07:35"
"91","U1091","李树奇","13793828225","A1091","2020-08-06 06:07:35"
"92","U1092","李豪永","13980847697","A1092","2020-08-06 06:07:35"
"93","U1093","李祥航","15141234851","A1093","2020-08-06 06:07:35"
"94","U1094","李辉伟","13576270690","A1094","2020-08-06 06:07:35"
"95","U1095","李福超","13161636063","A1095","2020-08-06 06:07:35"
"96","U1096","李文福","13189709141","A1096","2020-08-06 06:07:35"
"97","U1097","李建士","13946904312","A1097","2020-08-06 06:07:35"
"98","U1098","李林会","13934715916","A1098","2020-08-06 06:07:35"
"99","U1099","李信之","13996776298","A1099","2020-08-06 06:07:35"
"100","U1100","李刚朗","13794527946","A1100","2020-08-06 06:07:35"
"101","U1101","李若以","13511225945","A1101","2020-08-06 06:07:35"
"102","U1102","李良轮","13191173406","A1102","2020-08-06 06:07:35"
"103","U1103","李炎庆","13546668488","A1103","2020-08-06 06:07:35"
"104","U1104","李启奇","13520364125","A1104","2020-08-06 06:07:35"
"105","U1105","李亨祥","13931054740","A1105","2020-08-06 06:07:35"
"106","U1106","李思国","13725011380","A1106","2020-08-06 06:07:35"
"107","U1107","李先贵","13149315625","A1107","2020-08-06 06:07:35"
"108","U1108","李轮安","15149854258","A1108","2020-08-06 06:07:35"
"109","U1109","李　山","15176759180","A1109","2020-08-06 06:07:35"
"110","U1110","李强飞","13183777098","A1110","2020-08-06 06:07:35"
"111","U1111","李明敬","13781906091","A1111","2020-08-06 06:07:35"
"112","U1112","李中泰","15189320203","A1112","2020-08-06 06:07:35"
"113","U1113","李榕光","13781899389","A1113","2020-08-06 06:07:35"
"114","U1114","李武善","13177763927","A1114","2020-08-06 06:07:35"
"115","U1115","李元祥","13135702260","A1115","2020-08-06 06:07:35"
"116","U1116","李　亮","15189661106","A1116","2020-08-06 06:07:35"
"117","U1117","李磊冠","15145149959","A1117","2020-08-06 06:07:35"
"118","U1118","李栋炎","15152211336","A1118","2020-08-06 06:07:35"
"119","U1119","李东广","13770326192","A1119","2020-08-06 06:07:35"
"120","U1120","李和成","15160895292","A1120","2020-08-06 06:07:35"
"121","U1121","李纨菲","13752228251","A1121","2020-08-06 06:07:35"
"122","U1122","李慧彩","13932534975","A1122","2020-08-06 06:07:35"
"123","U1123","李霄桂","13798201836","A1123","2020-08-06 06:07:35"
"124","U1124","李莺希","13516899134","A1124","2020-08-06 06:07:35"
"125","U1125","李芬琼","13986941833","A1125","2020-08-06 06:07:35"
"126","U1126","李韵蕊","15121952859","A1126","2020-08-06 06:07:35"
"127","U1127","李翠姣","13130610773","A1127","2020-08-06 06:07:35"
"128","U1128","李英秀","13778081666","A1128","2020-08-06 06:07:35"
"129","U1129","李琼舒","13584577028","A1129","2020-08-06 06:07:35"
"130","U1130","李　君","13542979111","A1130","2020-08-06 06:07:35"
"131","U1131","李桂红","13772964552","A1131","2020-08-06 06:07:35"
"132","U1132","李园嘉","15164256191","A1132","2020-08-06 06:07:35"
"133","U1133","李娥怡","15149806383","A1133","2020-08-06 06:07:35"
"134","U1134","李韵珊","13755764156","A1134","2020-08-06 06:07:35"
"135","U1135","李伊娥","13773570762","A1135","2020-08-06 06:07:35"
"136","U1136","李黛雪","13583534623","A1136","2020-08-06 06:07:35"
"137","U1137","李琴柔","13782654189","A1137","2020-08-06 06:07:35"
"138","U1138","李枫芳","13536566243","A1138","2020-08-06 06:07:35"
"139","U1139","李玲融","15150304020","A1139","2020-08-06 06:07:35"
"140","U1140","李妹寒","15129545770","A1140","2020-08-06 06:07:35"
"141","U1141","李园燕","15127314022","A1141","2020-08-06 06:07:35"
"142","U1142","李　琬","13163069210","A1142","2020-08-06 06:07:35"
"143","U1143","李　琦","13594953728","A1143","2020-08-06 06:07:35"
"144","U1144","李翠荔","13186193522","A1144","2020-08-06 06:07:35"
"145","U1145","李　莎","13914382264","A1145","2020-08-06 06:07:35"
"146","U1146","李菊薇","13559056268","A1146","2020-08-06 06:07:35"
"147","U1147","李羽荷","13126331203","A1147","2020-08-06 06:07:35"
"148","U1148","李鱼育","13784500883","A1148","2020-08-06 06:07:35"
"149","U1149","李梦可","13736031916","A1149","2020-08-06 06:07:35"
"150","U1150","李竹红","13992778496","A1150","2020-08-06 06:07:35"
"151","U1151","李　菊","13936142084","A1151","2020-08-06 06:07:35"
"152","U1152","李茗惠","15111198922","A1152","2020-08-06 06:07:35"
"153","U1153","李素娜","13558015808","A1153","2020-08-06 06:07:35"
"154","U1154","李珊蓉","13747575329","A1154","2020-08-06 06:07:35"
"155","U1155","李霞眉","13739496741","A1155","2020-08-06 06:07:35"
"156","U1156","李薇凝","13994289860","A1156","2020-08-06 06:07:35"
"157","U1157","李　菁","13971186069","A1157","2020-08-06 06:07:35"
"158","U1158","李聪育","13929979568","A1158","2020-08-06 06:07:35"
"159","U1159","李蓓叶","15113235861","A1159","2020-08-06 06:07:35"
"160","U1160","李洁琰","13745347809","A1160","2020-08-06 06:07:35"
"161","U1161","李娴瑾","13161306136","A1161","2020-08-06 06:07:35"
"162","U1162","李冰凤","15158043694","A1162","2020-08-06 06:07:35"
"163","U1163","李鱼荷","13729946885","A1163","2020-08-06 06:07:35"
"164","U1164","李玉飘","13526728120","A1164","2020-08-06 06:07:35"
"165","U1165","李竹莺","15124756901","A1165","2020-08-06 06:07:35"
"166","U1166","李丹琰","15110581094","A1166","2020-08-06 06:07:35"
"167","U1167","李燕洁","15116901725","A1167","2020-08-06 06:07:35"
"168","U1168","李梅思","13772218824","A1168","2020-08-06 06:07:35"
"169","U1169","李凤锦","13127177977","A1169","2020-08-06 06:07:35"
"170","U1170","李芳晓","15111776585","A1170","2020-08-06 06:07:35"
"171","U1171","李怡苑","13955578375","A1171","2020-08-06 06:07:35"
"172","U1172","李寒霞","13165792028","A1172","2020-08-06 06:07:35"
"173","U1173","李莲娅","13769818144","A1173","2020-08-06 06:07:35"
"174","U1174","李姣纯","13941775522","A1174","2020-08-06 06:07:35"
"175","U1175","李芬爱","13560038046","A1175","2020-08-06 06:07:35"
"176","U1176","李妍琦","13795823449","A1176","2020-08-06 06:07:35"
"177","U1177","李嘉岚","13728985736","A1177","2020-08-06 06:07:35"
"178","U1178","李纨瑾","13551383997","A1178","2020-08-06 06:07:35"
"179","U1179","李园纨","13130887510","A1179","2020-08-06 06:07:35"
"180","U1180","李淑卿","13771395675","A1180","2020-08-06 06:07:35"
"181","U1181","张　珠","13517297015","A1181","2020-08-06 06:07:35"
"182","U1182","张妹悦","13985992517","A1182","2020-08-06 06:07:35"
"183","U1183","张荔华","15152993276","A1183","2020-08-06 06:07:35"
"184","U1184","张珍洁","13930759819","A1184","2020-08-06 06:07:35"
"185","U1185","张可思","15159893033","A1185","2020-08-06 06:07:35"
"186","U1186","张嘉毓","13569891586","A1186","2020-08-06 06:07:35"
"187","U1187","张舒眉","15180062015","A1187","2020-08-06 06:07:35"
"188","U1188","张艳琳","13770646368","A1188","2020-08-06 06:07:35"
"189","U1189","张黛韵","13543235367","A1189","2020-08-06 06:07:35"
"190","U1190","张悦娴","13595534911","A1190","2020-08-06 06:07:35"
"191","U1191","张岚羽","13577986232","A1191","2020-08-06 06:07:35"
"192","U1192","张荔倩","15111247255","A1192","2020-08-06 06:07:35"
"193","U1193","张巧兰","13564867331","A1193","2020-08-06 06:07:35"
"194","U1194","张馥香","15189520096","A1194","2020-08-06 06:07:35"
"195","U1195","张荷滢","13582918653","A1195","2020-08-06 06:07:35"
"196","U1196","张锦悦","13791152369","A1196","2020-08-06 06:07:35"
"197","U1197","张凡茗","13170913121","A1197","2020-08-06 06:07:35"
"198","U1198","张　薇","13990485079","A1198","2020-08-06 06:07:35"
"199","U1199","张枫荷","13126694499","A1199","2020-08-06 06:07:35"
"200","U1200","张琦洁","13789386654","A1200","2020-08-06 06:07:35"
"201","U1201","张凡颖","13912128391","A1201","2020-08-06 06:07:35"
"202","U1202","张　琦","13553416410","A1202","2020-08-06 06:07:35"
"203","U1203","张　环","13718860897","A1203","2020-08-06 06:07:35"
"204","U1204","张淑茜","13553744174","A1204","2020-08-06 06:07:35"
"205","U1205","张雁倩","13915961281","A1205","2020-08-06 06:07:35"
"206","U1206","张娣育","13946124822","A1206","2020-08-06 06:07:35"
"207","U1207","张莎柔","13151244092","A1207","2020-08-06 06:07:35"
"208","U1208","张毓梦","13545160717","A1208","2020-08-06 06:07:35"
"209","U1209","张馨筠","13732136669","A1209","2020-08-06 06:07:35"
"210","U1210","张蕊丽","13711667998","A1210","2020-08-06 06:07:35"
"211","U1211","张芳伊","13797755577","A1211","2020-08-06 06:07:35"
"212","U1212","张秋倩","15187705943","A1212","2020-08-06 06:07:35"
"213","U1213","张贞芝","13559736966","A1213","2020-08-06 06:07:35"
"214","U1214","张园宁","13597259960","A1214","2020-08-06 06:07:35"
"215","U1215","张巧霄","13523121345","A1215","2020-08-06 06:07:35"
"216","U1216","张凝珍","13165224359","A1216","2020-08-06 06:07:35"
"217","U1217","张素悦","13529864453","A1217","2020-08-06 06:07:35"
"218","U1218","张娴桂","13573801804","A1218","2020-08-06 06:07:35"
"219","U1219","张丽滢","13580799913","A1219","2020-08-06 06:07:35"
"220","U1220","张希宜","13588996152","A1220","2020-08-06 06:07:35"
"221","U1221","张鱼芸","13798299592","A1221","2020-08-06 06:07:35"
"222","U1222","张霞怡","13753853109","A1222","2020-08-06 06:07:35"
"223","U1223","张艺贞","13730364019","A1223","2020-08-06 06:07:35"
"224","U1224","张欣芸","13133452825","A1224","2020-08-06 06:07:35"
"225","U1225","张芸琬","13739924572","A1225","2020-08-06 06:07:35"
"226","U1226","张苑颖","13775120821","A1226","2020-08-06 06:07:35"
"227","U1227","张青娴","13941183270","A1227","2020-08-06 06:07:35"
"228","U1228","张婕悦","13920269382","A1228","2020-08-06 06:07:35"
"229","U1229","张凤莺","13558087862","A1229","2020-08-06 06:07:35"
"230","U1230","张珊燕","13725107713","A1230","2020-08-06 06:07:35"
"231","U1231","张秋玲","13131689758","A1231","2020-08-06 06:07:35"
"232","U1232","张娅馨","13935770742","A1232","2020-08-06 06:07:35"
"233","U1233","张咏真","15141339563","A1233","2020-08-06 06:07:35"
"234","U1234","张芝苑","13956030592","A1234","2020-08-06 06:07:35"
"235","U1235","张宁伊","13740190969","A1235","2020-08-06 06:07:35"
"236","U1236","张琦莉","13161497483","A1236","2020-08-06 06:07:35"
"237","U1237","张纯莉","13784783996","A1237","2020-08-06 06:07:35"
"238","U1238","张宜毓","13967717184","A1238","2020-08-06 06:07:35"
"239","U1239","张素香","13147171580","A1239","2020-08-06 06:07:35"
"240","U1240","张爽荔","13528583011","A1240","2020-08-06 06:07:35"
"241","U1241","王欣春","13145129877","A1241","2020-08-06 06:07:35"
"242","U1242","王馨英","13522000577","A1242","2020-08-06 06:07:35"
"243","U1243","王叶素","13124495803","A1243","2020-08-06 06:07:35"
"244","U1244","王　琳","13989159602","A1244","2020-08-06 06:07:35"
"245","U1245","王亚美","13515515236","A1245","2020-08-06 06:07:35"
"246","U1246","王　璧","13966686607","A1246","2020-08-06 06:07:35"
"247","U1247","王莉冰","13189095649","A1247","2020-08-06 06:07:35"
"248","U1248","王竹兰","13928300546","A1248","2020-08-06 06:07:35"
"249","U1249","王瑶月","13138002994","A1249","2020-08-06 06:07:35"
"250","U1250","王菲筠","15185296553","A1250","2020-08-06 06:07:35"
"251","U1251","王芳秀","13516451693","A1251","2020-08-06 06:07:35"
"252","U1252","王　岚","13941549408","A1252","2020-08-06 06:07:35"
"253","U1253","王冰冰","13752714627","A1253","2020-08-06 06:07:35"
"254","U1254","王澜欣","13746556138","A1254","2020-08-06 06:07:35"
"255","U1255","王悦飘","15137994761","A1255","2020-08-06 06:07:35"
"256","U1256","王荣凝","15137504653","A1256","2020-08-06 06:07:35"
"257","U1257","王婷瑾","15144935137","A1257","2020-08-06 06:07:35"
"258","U1258","王枫瑗","13767020206","A1258","2020-08-06 06:07:35"
"259","U1259","王　娣","15164825027","A1259","2020-08-06 06:07:35"
"260","U1260","王婉桂","13781460541","A1260","2020-08-06 06:07:35"
"261","U1261","王爱荔","13758108912","A1261","2020-08-06 06:07:35"
"262","U1262","王凝融","13596499035","A1262","2020-08-06 06:07:35"
"263","U1263","王艺桂","13989847960","A1263","2020-08-06 06:07:35"
"264","U1264","王琬素","15141906812","A1264","2020-08-06 06:07:35"
"265","U1265","王思荷","13733077003","A1265","2020-08-06 06:07:35"
"266","U1266","王岚月","13112895736","A1266","2020-08-06 06:07:35"
"267","U1267","王月荷","13564655381","A1267","2020-08-06 06:07:35"
"268","U1268","王　柔","13560314004","A1268","2020-08-06 06:07:35"
"269","U1269","王希莲","13573853400","A1269","2020-08-06 06:07:35"
"270","U1270","王慧蕊","13120105555","A1270","2020-08-06 06:07:35"
"271","U1271","王青惠","13711549863","A1271","2020-08-06 06:07:35"
"272","U1272","王惠姣","15192675571","A1272","2020-08-06 06:07:35"
"273","U1273","王咏枫","13736634947","A1273","2020-08-06 06:07:35"
"274","U1274","王燕丽","13959114690","A1274","2020-08-06 06:07:35"
"275","U1275","王霭馥","13536501063","A1275","2020-08-06 06:07:35"
"276","U1276","王美墨","13141885763","A1276","2020-08-06 06:07:35"
"277","U1277","王翠苑","15112577269","A1277","2020-08-06 06:07:35"
"278","U1278","王昭琬","13759344054","A1278","2020-08-06 06:07:35"
"279","U1279","王婵娜","13515797288","A1279","2020-08-06 06:07:35"
"280","U1280","王瑞露","15186881807","A1280","2020-08-06 06:07:35"
"281","U1281","王凝雪","13991103465","A1281","2020-08-06 06:07:35"
"282","U1282","王羽茗","13720744594","A1282","2020-08-06 06:07:35"
"283","U1283","王勤莉","13960492635","A1283","2020-08-06 06:07:35"
"284","U1284","王妍淑","15160993716","A1284","2020-08-06 06:07:35"
"285","U1285","王瑗羽","13549849781","A1285","2020-08-06 06:07:35"
"286","U1286","王瑞娥","13574621791","A1286","2020-08-06 06:07:35"
"287","U1287","王妹毓","13181420803","A1287","2020-08-06 06:07:35"
"288","U1288","王菊琬","13786568708","A1288","2020-08-06 06:07:35"
"289","U1289","王枫萍","13515906284","A1289","2020-08-06 06:07:35"
"290","U1290","王蓉霞","13595426400","A1290","2020-08-06 06:07:35"
"291","U1291","王丹璐","13771217790","A1291","2020-08-06 06:07:35"
"292","U1292","王昭燕","13577404684","A1292","2020-08-06 06:07:35"
"293","U1293","王茗伊","13746891231","A1293","2020-08-06 06:07:35"
"294","U1294","王毓燕","13136079297","A1294","2020-08-06 06:07:35"
"295","U1295","王婉梅","13135671321","A1295","2020-08-06 06:07:35"
"296","U1296","王珍滢","13185131151","A1296","2020-08-06 06:07:35"
"297","U1297","王英宜","13594182194","A1297","2020-08-06 06:07:35"
"298","U1298","王静艺","13983606254","A1298","2020-08-06 06:07:35"
"299","U1299","王澜萍","13721685860","A1299","2020-08-06 06:07:35"
"300","U1300","王霄瑶","13569562174","A1300","2020-08-06 06:07:35"
"301","U1301","王玉融","13967321741","A1301","2020-08-06 06:07:35"
"302","U1302","王莺竹","15186142134","A1302","2020-08-06 06:07:35"
"303","U1303","王琳凝","13573855893","A1303","2020-08-06 06:07:35"
"304","U1304","王荔梦","13592819991","A1304","2020-08-06 06:07:35"
"305","U1305","王嘉莎","13160426820","A1305","2020-08-06 06:07:35"
"306","U1306","王昭筠","13931167912","A1306","2020-08-06 06:07:35"
"307","U1307","王春雅","15197454316","A1307","2020-08-06 06:07:35"
"308","U1308","王晶秀","13193276224","A1308","2020-08-06 06:07:35"
"309","U1309","王萍静","13198654333","A1309","2020-08-06 06:07:35"
"310","U1310","王英墨","13548237026","A1310","2020-08-06 06:07:35"
"311","U1311","王仪凡","13172542333","A1311","2020-08-06 06:07:35"
"312","U1312","王君雪","13141082794","A1312","2020-08-06 06:07:35"
"313","U1313","王莲育","13980804451","A1313","2020-08-06 06:07:35"
"314","U1314","王颖荷","13597563222","A1314","2020-08-06 06:07:35"
"315","U1315","王　怡","15171665746","A1315","2020-08-06 06:07:35"
"316","U1316","王娴玉","15167644484","A1316","2020-08-06 06:07:35"
"317","U1317","王真叶","13994374845","A1317","2020-08-06 06:07:35"
"318","U1318","王黛竹","13945581962","A1318","2020-08-06 06:07:35"
"319","U1319","王羽蕊","13172568068","A1319","2020-08-06 06:07:35"
"320","U1320","王慧羽","13769137736","A1320","2020-08-06 06:07:35"
"321","U1321","王红亚","15112132346","A1321","2020-08-06 06:07:35"
"322","U1322","王巧娥","13994818037","A1322","2020-08-06 06:07:35"
"323","U1323","王　纯","15158715369","A1323","2020-08-06 06:07:35"
"324","U1324","王　凤","13777527926","A1324","2020-08-06 06:07:35"
"325","U1325","王彩悦","13758610943","A1325","2020-08-06 06:07:35"
"326","U1326","王琳琴","13534815811","A1326","2020-08-06 06:07:35"
"327","U1327","王梅筠","13925441477","A1327","2020-08-06 06:07:35"
"328","U1328","王悦红","13119573657","A1328","2020-08-06 06:07:35"
"329","U1329","王红莺","15173713089","A1329","2020-08-06 06:07:35"
"330","U1330","王婕贞","15152466004","A1330","2020-08-06 06:07:35"
"331","U1331","王影璐","13146182376","A1331","2020-08-06 06:07:35"
"332","U1332","王君娅","15125006919","A1332","2020-08-06 06:07:35"
"333","U1333","王羽妹","13758676110","A1333","2020-08-06 06:07:35"
"334","U1334","王月瑞","15115444553","A1334","2020-08-06 06:07:35"
"335","U1335","王萍莎","13749798727","A1335","2020-08-06 06:07:35"
"336","U1336","王莉咏","13562826677","A1336","2020-08-06 06:07:35"
"337","U1337","王聪颖","13569341998","A1337","2020-08-06 06:07:35"
"338","U1338","王莲璐","13976557065","A1338","2020-08-06 06:07:35"
"339","U1339","王蓉美","13725712610","A1339","2020-08-06 06:07:35"
"340","U1340","王莉瑗","13941161325","A1340","2020-08-06 06:07:35"
"341","U1341","王蓉萍","13963748795","A1341","2020-08-06 06:07:35"
"342","U1342","王淑馥","13170568867","A1342","2020-08-06 06:07:35"
"343","U1343","王巧翠","15164413361","A1343","2020-08-06 06:07:35"
"344","U1344","王春晓","13523815322","A1344","2020-08-06 06:07:35"
"345","U1345","王婕菲","15115385579","A1345","2020-08-06 06:07:35"
"346","U1346","王　娅","13716399065","A1346","2020-08-06 06:07:35"
"347","U1347","王媛翠","13548376184","A1347","2020-08-06 06:07:35"
"348","U1348","王　秋","13577034613","A1348","2020-08-06 06:07:35"
"349","U1349","王悦希","13911359764","A1349","2020-08-06 06:07:35"
"350","U1350","王莺瑶","13520923448","A1350","2020-08-06 06:07:35"
"351","U1351","王宜静","15194818940","A1351","2020-08-06 06:07:35"
"352","U1352","王瑞鱼","13783153008","A1352","2020-08-06 06:07:35"
"353","U1353","王雪燕","13599000775","A1353","2020-08-06 06:07:35"
"354","U1354","王　爱","13150021673","A1354","2020-08-06 06:07:35"
"355","U1355","王燕萍","13534591668","A1355","2020-08-06 06:07:35"
"356","U1356","王惠馨","13715844807","A1356","2020-08-06 06:07:35"
"357","U1357","王岚雅","13143844494","A1357","2020-08-06 06:07:35"
"358","U1358","王瑶瑗","13136864699","A1358","2020-08-06 06:07:35"
"359","U1359","王英芬","13754507396","A1359","2020-08-06 06:07:35"
"360","U1360","王融莉","13129922507","A1360","2020-08-06 06:07:35"
"361","U1361","王辉先","13913224118","A1361","2020-08-06 06:07:35"
"362","U1362","王家鹏","15163457794","A1362","2020-08-06 06:07:35"
"363","U1363","王江永","13572086056","A1363","2020-08-06 06:07:35"
"364","U1364","王哲山","15183759275","A1364","2020-08-06 06:07:35"
"365","U1365","王承毅","15164232808","A1365","2020-08-06 06:07:35"
"366","U1366","王天启","13946608521","A1366","2020-08-06 06:07:35"
"367","U1367","王涛承","13127632941","A1367","2020-08-06 06:07:35"
"368","U1368","王祥波","13799879936","A1368","2020-08-06 06:07:35"
"369","U1369","王辉勇","13184126367","A1369","2020-08-06 06:07:35"
"370","U1370","王国浩","13962250647","A1370","2020-08-06 06:07:35"
"371","U1371","王宁翰","15177100053","A1371","2020-08-06 06:07:35"
"372","U1372","王元超","13134170560","A1372","2020-08-06 06:07:35"
"373","U1373","王　维","15183561562","A1373","2020-08-06 06:07:35"
"374","U1374","王伟明","13992863320","A1374","2020-08-06 06:07:35"
"375","U1375","王子壮","13517677388","A1375","2020-08-06 06:07:35"
"376","U1376","王庆泽","15185813158","A1376","2020-08-06 06:07:35"
"377","U1377","王才龙","13583292193","A1377","2020-08-06 06:07:35"
"378","U1378","王致宁","15158873443","A1378","2020-08-06 06:07:35"
"379","U1379","王健信","13167922416","A1379","2020-08-06 06:07:35"
"380","U1380","王海功","13759568704","A1380","2020-08-06 06:07:35"
"381","U1381","王昌龙","13565095662","A1381","2020-08-06 06:07:35"
"382","U1382","王力民","13191848730","A1382","2020-08-06 06:07:35"
"383","U1383","王冠之","13195663759","A1383","2020-08-06 06:07:35"
"384","U1384","王　毅","13957851072","A1384","2020-08-06 06:07:35"
"385","U1385","王固弘","13749772840","A1385","2020-08-06 06:07:35"
"386","U1386","王梁之","13796642493","A1386","2020-08-06 06:07:35"
"387","U1387","王　学","13176449272","A1387","2020-08-06 06:07:35"
"388","U1388","王富风","13593852078","A1388","2020-08-06 06:07:35"
"389","U1389","王　平","13118597372","A1389","2020-08-06 06:07:35"
"390","U1390","王志家","13785441353","A1390","2020-08-06 06:07:35"
"391","U1391","王富伦","13758960553","A1391","2020-08-06 06:07:35"
"392","U1392","王进楠","13948382644","A1392","2020-08-06 06:07:35"
"393","U1393","王时飞","13936382353","A1393","2020-08-06 06:07:35"
"394","U1394","王震风","13747487709","A1394","2020-08-06 06:07:35"
"395","U1395","王　轮","13959905474","A1395","2020-08-06 06:07:35"
"396","U1396","王　辉","13956979557","A1396","2020-08-06 06:07:35"
"397","U1397","王刚富","13540882838","A1397","2020-08-06 06:07:35"
"398","U1398","王　保","13758545724","A1398","2020-08-06 06:07:35"
"399","U1399","王启岩","13784156684","A1399","2020-08-06 06:07:35"
"400","U1400","王谦世","13979481324","A1400","2020-08-06 06:07:35"
"401","U1401","王学超","13991263528","A1401","2020-08-06 06:07:35"
"402","U1402","王承豪","13549077429","A1402","2020-08-06 06:07:35"
"403","U1403","王致震","13570643013","A1403","2020-08-06 06:07:35"
"404","U1404","王伯辉","13986260531","A1404","2020-08-06 06:07:35"
"405","U1405","王彬庆","13541887964","A1405","2020-08-06 06:07:35"
"406","U1406","王心生","13751363522","A1406","2020-08-06 06:07:35"
"407","U1407","王勇天","13920558884","A1407","2020-08-06 06:07:35"
"408","U1408","王克梁","13159097920","A1408","2020-08-06 06:07:35"
"409","U1409","王斌林","13955247506","A1409","2020-08-06 06:07:35"
"410","U1410","王翔学","13981738613","A1410","2020-08-06 06:07:35"
"411","U1411","王盛发","13989108968","A1411","2020-08-06 06:07:35"
"412","U1412","王翔心","13116247947","A1412","2020-08-06 06:07:35"
"413","U1413","王义盛","13718360958","A1413","2020-08-06 06:07:35"
"414","U1414","王　德","13762698783","A1414","2020-08-06 06:07:35"
"415","U1415","王健松","13921568865","A1415","2020-08-06 06:07:35"
"416","U1416","王刚星","13572095785","A1416","2020-08-06 06:07:35"
"417","U1417","王河谦","13927991053","A1417","2020-08-06 06:07:35"
"418","U1418","王民信","13183042394","A1418","2020-08-06 06:07:35"
"419","U1419","王世顺","13995838564","A1419","2020-08-06 06:07:35"
"420","U1420","王刚兴","15149707259","A1420","2020-08-06 06:07:35"
"421","U1421","王　弘","13717768795","A1421","2020-08-06 06:07:35"
"422","U1422","王　浩","15121659789","A1422","2020-08-06 06:07:35"
"423","U1423","王健发","13966582784","A1423","2020-08-06 06:07:35"
"424","U1424","王冠发","13956481366","A1424","2020-08-06 06:07:35"
"425","U1425","王　晨","13561492884","A1425","2020-08-06 06:07:35"
"426","U1426","王会时","15195619539","A1426","2020-08-06 06:07:35"
"427","U1427","王　学","13129301000","A1427","2020-08-06 06:07:35"
"428","U1428","王弘轮","13717061590","A1428","2020-08-06 06:07:35"
"429","U1429","王江启","13732061509","A1429","2020-08-06 06:07:35"
"430","U1430","王钧乐","15184822955","A1430","2020-08-06 06:07:35"
"431","U1431","王天朗","15142103719","A1431","2020-08-06 06:07:35"
"432","U1432","王裕宏","13558798325","A1432","2020-08-06 06:07:35"
"433","U1433","王豪朋","13953467771","A1433","2020-08-06 06:07:35"
"434","U1434","王风家","13922535535","A1434","2020-08-06 06:07:35"
"435","U1435","王天仁","13516885237","A1435","2020-08-06 06:07:35"
"436","U1436","王顺雄","13590624940","A1436","2020-08-06 06:07:35"
"437","U1437","王之晨","15136391462","A1437","2020-08-06 06:07:35"
"438","U1438","王　弘","13761351767","A1438","2020-08-06 06:07:35"
"439","U1439","王士生","13744625899","A1439","2020-08-06 06:07:35"
"440","U1440","王彬伦","15173905267","A1440","2020-08-06 06:07:35"
"441","U1441","王风胜","13958187470","A1441","2020-08-06 06:07:35"
"442","U1442","王新利","15195734053","A1442","2020-08-06 06:07:35"
"443","U1443","王震杰","13728701334","A1443","2020-08-06 06:07:35"
"444","U1444","王敬冠","15196190762","A1444","2020-08-06 06:07:35"
"445","U1445","王生勇","13525117667","A1445","2020-08-06 06:07:35"
"446","U1446","王奇行","13569641141","A1446","2020-08-06 06:07:35"
"447","U1447","王　进","15190085291","A1447","2020-08-06 06:07:35"
"448","U1448","王新志","13122343215","A1448","2020-08-06 06:07:35"
"449","U1449","王雄邦","13715754063","A1449","2020-08-06 06:07:35"
"450","U1450","王顺克","13958652265","A1450","2020-08-06 06:07:35"
"451","U1451","王斌兴","13588633630","A1451","2020-08-06 06:07:35"
"452","U1452","王绍中","13553608882","A1452","2020-08-06 06:07:35"
"453","U1453","王义炎","13929204283","A1453","2020-08-06 06:07:35"
"454","U1454","王平俊","13743378010","A1454","2020-08-06 06:07:35"
"455","U1455","王河政","15127582563","A1455","2020-08-06 06:07:35"
"456","U1456","王　志","13595559729","A1456","2020-08-06 06:07:35"
"457","U1457","王利朗","15199680371","A1457","2020-08-06 06:07:35"
"458","U1458","王胜志","13997395514","A1458","2020-08-06 06:07:35"
"459","U1459","王　进","13742863741","A1459","2020-08-06 06:07:35"
"460","U1460","王壮宏","13526789694","A1460","2020-08-06 06:07:35"
"461","U1461","王轮奇","15120166097","A1461","2020-08-06 06:07:35"
"462","U1462","王　博","15131614556","A1462","2020-08-06 06:07:35"
"463","U1463","王世裕","13587222218","A1463","2020-08-06 06:07:35"
"464","U1464","王世厚","15120217746","A1464","2020-08-06 06:07:35"
"465","U1465","王　龙","13781140084","A1465","2020-08-06 06:07:35"
"466","U1466","王钧伟","13127691737","A1466","2020-08-06 06:07:35"
"467","U1467","王楠伯","13159908347","A1467","2020-08-06 06:07:35"
"468","U1468","王浩士","13589352726","A1468","2020-08-06 06:07:35"
"469","U1469","王榕家","13742447155","A1469","2020-08-06 06:07:35"
"470","U1470","王士林","13774627279","A1470","2020-08-06 06:07:35"
"471","U1471","王亮钧","15189104197","A1471","2020-08-06 06:07:35"
"472","U1472","王伯栋","13977284923","A1472","2020-08-06 06:07:35"
"473","U1473","王厚坚","13923597645","A1473","2020-08-06 06:07:35"
"474","U1474","王志飞","13193907430","A1474","2020-08-06 06:07:35"
"475","U1475","王坚振","13955904255","A1475","2020-08-06 06:07:35"
"476","U1476","王清强","13938220824","A1476","2020-08-06 06:07:35"
"477","U1477","王群祥","13993487066","A1477","2020-08-06 06:07:35"
"478","U1478","王梁栋","13183011876","A1478","2020-08-06 06:07:35"
"479","U1479","王发江","15112252021","A1479","2020-08-06 06:07:35"
"480","U1480","王康成","13957948456","A1480","2020-08-06 06:07:35"
"481","U1481","陈涛致","13192839359","A1481","2020-08-06 06:07:35"
"482","U1482","陈诚榕","15159891702","A1482","2020-08-06 06:07:35"
"483","U1483","陈轮功","13725784586","A1483","2020-08-06 06:07:35"
"484","U1484","陈行明","13773987482","A1484","2020-08-06 06:07:35"
"485","U1485","陈贵振","13571321095","A1485","2020-08-06 06:07:35"
"486","U1486","陈彪政","13942812797","A1486","2020-08-06 06:07:35"
"487","U1487","陈雄中","13536509138","A1487","2020-08-06 06:07:35"
"488","U1488","陈　强","13574489830","A1488","2020-08-06 06:07:35"
"489","U1489","陈俊裕","13142836173","A1489","2020-08-06 06:07:35"
"490","U1490","陈福博","13916403735","A1490","2020-08-06 06:07:35"
"491","U1491","陈翰磊","13926285658","A1491","2020-08-06 06:07:35"
"492","U1492","陈　浩","13943668350","A1492","2020-08-06 06:07:35"
"493","U1493","陈龙安","15145934011","A1493","2020-08-06 06:07:35"
"494","U1494","陈伦伟","13139711384","A1494","2020-08-06 06:07:35"
"495","U1495","陈成友","13910946188","A1495","2020-08-06 06:07:35"
"496","U1496","陈海才","13149682493","A1496","2020-08-06 06:07:35"
"497","U1497","陈勇健","13572514682","A1497","2020-08-06 06:07:35"
"498","U1498","陈　利","13115379382","A1498","2020-08-06 06:07:35"
"499","U1499","陈天刚","13939756841","A1499","2020-08-06 06:07:35"
"500","U1500","陈元有","13521570956","A1500","2020-08-06 06:07:35"
"501","U1501","陈海保","15185887000","A1501","2020-08-06 06:07:35"
"502","U1502","陈林翔","13160819673","A1502","2020-08-06 06:07:35"
"503","U1503","陈德山","13980947983","A1503","2020-08-06 06:07:35"
"504","U1504","陈功广","13598097905","A1504","2020-08-06 06:07:35"
"505","U1505","陈永士","13979627486","A1505","2020-08-06 06:07:35"
"506","U1506","陈奇鹏","13578683889","A1506","2020-08-06 06:07:35"
"507","U1507","陈天榕","13129739586","A1507","2020-08-06 06:07:35"
"508","U1508","陈　雄","13752192577","A1508","2020-08-06 06:07:35"
"509","U1509","陈文亮","13549765178","A1509","2020-08-06 06:07:35"
"510","U1510","陈健泰","13534474593","A1510","2020-08-06 06:07:35"
"511","U1511","陈振明","15155356093","A1511","2020-08-06 06:07:35"
"512","U1512","陈良以","13988899841","A1512","2020-08-06 06:07:35"
"513","U1513","陈星生","13160661637","A1513","2020-08-06 06:07:35"
"514","U1514","陈钧雄","13179468715","A1514","2020-08-06 06:07:35"
"515","U1515","陈心广","15118930104","A1515","2020-08-06 06:07:35"
"516","U1516","陈　家","13576883497","A1516","2020-08-06 06:07:35"
"517","U1517","陈德旭","13720443174","A1517","2020-08-06 06:07:35"
"518","U1518","陈家建","15126872117","A1518","2020-08-06 06:07:35"
"519","U1519","陈良康","13952062795","A1519","2020-08-06 06:07:35"
"520","U1520","陈涛震","15165907447","A1520","2020-08-06 06:07:35"
"521","U1521","陈浩琛","13168583459","A1521","2020-08-06 06:07:35"
"522","U1522","陈奇进","15125042481","A1522","2020-08-06 06:07:35"
"523","U1523","陈泽彬","13754430696","A1523","2020-08-06 06:07:35"
"524","U1524","陈学磊","13175004663","A1524","2020-08-06 06:07:35"
"525","U1525","陈维斌","15114121439","A1525","2020-08-06 06:07:35"
"526","U1526","陈德波","13782738992","A1526","2020-08-06 06:07:35"
"527","U1527","陈斌世","13557455831","A1527","2020-08-06 06:07:35"
"528","U1528","陈有国","13555876750","A1528","2020-08-06 06:07:35"
"529","U1529","陈政震","15191292618","A1529","2020-08-06 06:07:35"
"530","U1530","陈　义","13931870790","A1530","2020-08-06 06:07:35"
"531","U1531","陈德敬","15147390242","A1531","2020-08-06 06:07:35"
"532","U1532","陈宁旭","13567402955","A1532","2020-08-06 06:07:35"
"533","U1533","陈良茂","13144131511","A1533","2020-08-06 06:07:35"
"534","U1534","陈　时","13139803232","A1534","2020-08-06 06:07:35"
"535","U1535","陈炎承","13741101206","A1535","2020-08-06 06:07:35"
"536","U1536","陈良力","13177874334","A1536","2020-08-06 06:07:35"
"537","U1537","陈壮峰","13154958047","A1537","2020-08-06 06:07:35"
"538","U1538","陈山政","13719977137","A1538","2020-08-06 06:07:35"
"539","U1539","陈风江","13158481924","A1539","2020-08-06 06:07:35"
"540","U1540","陈功若","13751582444","A1540","2020-08-06 06:07:35"
"541","U1541","陈斌诚","15140060785","A1541","2020-08-06 06:07:35"
"542","U1542","陈林致","13993562661","A1542","2020-08-06 06:07:35"
"543","U1543","陈　河","13128939635","A1543","2020-08-06 06:07:35"
"544","U1544","陈俊斌","13136150179","A1544","2020-08-06 06:07:35"
"545","U1545","陈毅克","13110010534","A1545","2020-08-06 06:07:35"
"546","U1546","陈峰彪","13921827701","A1546","2020-08-06 06:07:35"
"547","U1547","陈义绍","13559567653","A1547","2020-08-06 06:07:35"
"548","U1548","陈文义","13174876397","A1548","2020-08-06 06:07:35"
"549","U1549","陈贵毅","13570756140","A1549","2020-08-06 06:07:35"
"550","U1550","陈　东","13160448602","A1550","2020-08-06 06:07:35"
"551","U1551","陈德宁","13784427606","A1551","2020-08-06 06:07:35"
"552","U1552","陈河震","13152776721","A1552","2020-08-06 06:07:35"
"553","U1553","陈元泽","13586307847","A1553","2020-08-06 06:07:35"
"554","U1554","陈波博","13990367718","A1554","2020-08-06 06:07:35"
"555","U1555","陈博元","13794695694","A1555","2020-08-06 06:07:35"
"556","U1556","陈翔富","13592607471","A1556","2020-08-06 06:07:35"
"557","U1557","陈若岩","13769419683","A1557","2020-08-06 06:07:35"
"558","U1558","陈福炎","15178583234","A1558","2020-08-06 06:07:35"
"559","U1559","陈义星","13910097292","A1559","2020-08-06 06:07:35"
"560","U1560","陈俊磊","15129813834","A1560","2020-08-06 06:07:35"
"561","U1561","陈　茂","15117717539","A1561","2020-08-06 06:07:35"
"562","U1562","陈军明","13549603757","A1562","2020-08-06 06:07:35"
"563","U1563","陈斌先","13592016301","A1563","2020-08-06 06:07:35"
"564","U1564","陈山有","13569217206","A1564","2020-08-06 06:07:35"
"565","U1565","陈平奇","13978495794","A1565","2020-08-06 06:07:35"
"566","U1566","陈富彬","13169533201","A1566","2020-08-06 06:07:35"
"567","U1567","陈强榕","13567196408","A1567","2020-08-06 06:07:35"
"568","U1568","陈文昌","13525765052","A1568","2020-08-06 06:07:35"
"569","U1569","陈友固","13750958225","A1569","2020-08-06 06:07:35"
"570","U1570","陈健富","13969704925","A1570","2020-08-06 06:07:35"
"571","U1571","陈　裕","13517908423","A1571","2020-08-06 06:07:35"
"572","U1572","陈　国","15179202745","A1572","2020-08-06 06:07:35"
"573","U1573","陈栋仁","13575304670","A1573","2020-08-06 06:07:35"
"574","U1574","陈诚昌","15113948222","A1574","2020-08-06 06:07:35"
"575","U1575","陈山固","13530334322","A1575","2020-08-06 06:07:35"
"576","U1576","陈山致","13957892641","A1576","2020-08-06 06:07:35"
"577","U1577","陈伯群","13139479303","A1577","2020-08-06 06:07:35"
"578","U1578","陈政会","13153165787","A1578","2020-08-06 06:07:35"
"579","U1579","陈功朋","13536433169","A1579","2020-08-06 06:07:35"
"580","U1580","陈乐致","13968268739","A1580","2020-08-06 06:07:35"
"581","U1581","陈健发","13528468315","A1581","2020-08-06 06:07:35"
"582","U1582","陈谦力","13112551320","A1582","2020-08-06 06:07:35"
"583","U1583","陈文林","15193680717","A1583","2020-08-06 06:07:35"
"584","U1584","陈朗建","13973742560","A1584","2020-08-06 06:07:35"
"585","U1585","陈　谦","13738469494","A1585","2020-08-06 06:07:35"
"586","U1586","陈海建","15136362792","A1586","2020-08-06 06:07:35"
"587","U1587","陈盛之","13559794173","A1587","2020-08-06 06:07:35"
"588","U1588","陈善功","13169877934","A1588","2020-08-06 06:07:35"
"589","U1589","陈鸣承","13988429608","A1589","2020-08-06 06:07:35"
"590","U1590","陈晨广","15139919645","A1590","2020-08-06 06:07:35"
"591","U1591","陈承勇","15199644552","A1591","2020-08-06 06:07:35"
"592","U1592","陈壮进","13523425189","A1592","2020-08-06 06:07:35"
"593","U1593","陈贵林","13122551204","A1593","2020-08-06 06:07:35"
"594","U1594","陈俊功","13750620096","A1594","2020-08-06 06:07:35"
"595","U1595","陈弘河","15110865206","A1595","2020-08-06 06:07:35"
"596","U1596","陈群谦","15114415690","A1596","2020-08-06 06:07:35"
"597","U1597","陈龙全","13934818672","A1597","2020-08-06 06:07:35"
"598","U1598","陈维成","13973000892","A1598","2020-08-06 06:07:35"
"599","U1599","陈达波","13728040869","A1599","2020-08-06 06:07:35"
"600","U1600","陈力楠","13945381506","A1600","2020-08-06 06:07:35"
"601","U1601","陈　霞","13537269000","A1601","2020-08-06 06:07:35"
"602","U1602","陈　娥","13939395236","A1602","2020-08-06 06:07:35"
"603","U1603","陈珊雅","13915289445","A1603","2020-08-06 06:07:35"
"604","U1604","陈晶萍","13167366881","A1604","2020-08-06 06:07:35"
"605","U1605","陈翠英","13769766128","A1605","2020-08-06 06:07:35"
"606","U1606","陈　娴","13972282601","A1606","2020-08-06 06:07:35"
"607","U1607","陈芝荣","13793440211","A1607","2020-08-06 06:07:35"
"608","U1608","陈　珊","13146250322","A1608","2020-08-06 06:07:35"
"609","U1609","陈璧莲","13134083059","A1609","2020-08-06 06:07:35"
"610","U1610","陈怡韵","15147153312","A1610","2020-08-06 06:07:35"
"611","U1611","陈芝君","13914480683","A1611","2020-08-06 06:07:35"
"612","U1612","陈昭倩","13935964298","A1612","2020-08-06 06:07:35"
"613","U1613","陈凝红","13728269428","A1613","2020-08-06 06:07:35"
"614","U1614","陈茗毓","13555446583","A1614","2020-08-06 06:07:35"
"615","U1615","陈宜静","15156028626","A1615","2020-08-06 06:07:35"
"616","U1616","陈春梅","15146717092","A1616","2020-08-06 06:07:35"
"617","U1617","陈云艳","13112663331","A1617","2020-08-06 06:07:35"
"618","U1618","陈飘菲","13931951488","A1618","2020-08-06 06:07:35"
"619","U1619","陈婷蕊","13120747885","A1619","2020-08-06 06:07:35"
"620","U1620","陈亚惠","13943868617","A1620","2020-08-06 06:07:35"
"621","U1621","陈思凝","15155605868","A1621","2020-08-06 06:07:35"
"622","U1622","陈琦馥","13984060911","A1622","2020-08-06 06:07:35"
"623","U1623","陈鱼淑","13997091200","A1623","2020-08-06 06:07:35"
"624","U1624","陈莎瑶","15185143467","A1624","2020-08-06 06:07:35"
"625","U1625","陈君园","13970800841","A1625","2020-08-06 06:07:35"
"626","U1626","陈英希","15195799832","A1626","2020-08-06 06:07:35"
"627","U1627","陈聪育","13115717904","A1627","2020-08-06 06:07:35"
"628","U1628","陈爱雁","15110010009","A1628","2020-08-06 06:07:35"
"629","U1629","陈露勤","13514999190","A1629","2020-08-06 06:07:35"
"630","U1630","陈晶芬","13772705762","A1630","2020-08-06 06:07:35"
"631","U1631","陈芳娣","13193081369","A1631","2020-08-06 06:07:35"
"632","U1632","陈婉瑶","13123931653","A1632","2020-08-06 06:07:35"
"633","U1633","陈纨霞","13591119497","A1633","2020-08-06 06:07:35"
"634","U1634","陈爱欣","15160543529","A1634","2020-08-06 06:07:35"
"635","U1635","陈馥珍","15146231798","A1635","2020-08-06 06:07:35"
"636","U1636","陈　悦","13187946951","A1636","2020-08-06 06:07:35"
"637","U1637","陈淑娴","13967432097","A1637","2020-08-06 06:07:35"
"638","U1638","陈青萍","13152823610","A1638","2020-08-06 06:07:35"
"639","U1639","陈岚茗","15144817899","A1639","2020-08-06 06:07:35"
"640","U1640","陈翠莉","13166344739","A1640","2020-08-06 06:07:35"
"641","U1641","陈　影","15126258693","A1641","2020-08-06 06:07:35"
"642","U1642","陈聪彩","13715289253","A1642","2020-08-06 06:07:35"
"643","U1643","陈英柔","13925883406","A1643","2020-08-06 06:07:35"
"644","U1644","陈怡怡","13972114552","A1644","2020-08-06 06:07:35"
"645","U1645","陈琰荷","13560382980","A1645","2020-08-06 06:07:35"
"646","U1646","陈芸雅","13512984327","A1646","2020-08-06 06:07:35"
"647","U1647","陈露娅","13131995697","A1647","2020-08-06 06:07:35"
"648","U1648","陈聪芳","15124675785","A1648","2020-08-06 06:07:35"
"649","U1649","陈娜静","13139775327","A1649","2020-08-06 06:07:35"
"650","U1650","陈荔纨","13143095006","A1650","2020-08-06 06:07:35"
"651","U1651","陈凡慧","13943069248","A1651","2020-08-06 06:07:35"
"652","U1652","陈洁希","13976535203","A1652","2020-08-06 06:07:35"
"653","U1653","陈春丹","15186516087","A1653","2020-08-06 06:07:35"
"654","U1654","陈美琼","13573216980","A1654","2020-08-06 06:07:35"
"655","U1655","陈艺墨","15183104051","A1655","2020-08-06 06:07:35"
"656","U1656","陈寒君","13551148611","A1656","2020-08-06 06:07:35"
"657","U1657","陈萍颖","15172544203","A1657","2020-08-06 06:07:35"
"658","U1658","陈艳宁","13515700889","A1658","2020-08-06 06:07:35"
"659","U1659","陈雁晓","13716293221","A1659","2020-08-06 06:07:35"
"660","U1660","陈嘉静","13581390420","A1660","2020-08-06 06:07:35"
"661","U1661","陈丹琴","13749239902","A1661","2020-08-06 06:07:35"
"662","U1662","陈爱园","15192763656","A1662","2020-08-06 06:07:35"
"663","U1663","陈荷莉","15125088933","A1663","2020-08-06 06:07:35"
"664","U1664","陈　瑶","13189326352","A1664","2020-08-06 06:07:35"
"665","U1665","陈澜莲","13542766999","A1665","2020-08-06 06:07:35"
"666","U1666","陈瑞琬","13994026653","A1666","2020-08-06 06:07:35"
"667","U1667","陈　融","13573832081","A1667","2020-08-06 06:07:35"
"668","U1668","陈素枫","13142289783","A1668","2020-08-06 06:07:35"
"669","U1669","陈　昭","13579056026","A1669","2020-08-06 06:07:35"
"670","U1670","陈君筠","13593741913","A1670","2020-08-06 06:07:35"
"671","U1671","陈瑶飘","13747549318","A1671","2020-08-06 06:07:35"
"672","U1672","陈羽红","13547774743","A1672","2020-08-06 06:07:35"
"673","U1673","陈　昭","13796289466","A1673","2020-08-06 06:07:35"
"674","U1674","陈琬雪","13753089029","A1674","2020-08-06 06:07:35"
"675","U1675","陈娅芬","13566565224","A1675","2020-08-06 06:07:35"
"676","U1676","陈荷露","13915790161","A1676","2020-08-06 06:07:35"
"677","U1677","陈茗莎","15185847579","A1677","2020-08-06 06:07:35"
"678","U1678","陈云嘉","15186859631","A1678","2020-08-06 06:07:35"
"679","U1679","陈墨云","13769100620","A1679","2020-08-06 06:07:35"
"680","U1680","陈秋茜","13584398696","A1680","2020-08-06 06:07:35"
"681","U1681","陈芳墨","13747843525","A1681","2020-08-06 06:07:35"
"682","U1682","陈君滢","15157820808","A1682","2020-08-06 06:07:35"
"683","U1683","陈馨君","13537476902","A1683","2020-08-06 06:07:35"
"684","U1684","陈洁荷","13714249121","A1684","2020-08-06 06:07:35"
"685","U1685","陈慧莲","15143386703","A1685","2020-08-06 06:07:35"
"686","U1686","陈琰澜","13719489573","A1686","2020-08-06 06:07:35"
"687","U1687","陈蓓青","13135776886","A1687","2020-08-06 06:07:35"
"688","U1688","陈琳云","13735934716","A1688","2020-08-06 06:07:35"
"689","U1689","陈娥枝","13133068396","A1689","2020-08-06 06:07:35"
"690","U1690","陈红琼","13719619102","A1690","2020-08-06 06:07:35"
"691","U1691","陈舒霞","13789655018","A1691","2020-08-06 06:07:35"
"692","U1692","陈君妹","13178078199","A1692","2020-08-06 06:07:35"
"693","U1693","陈飘贞","13920069009","A1693","2020-08-06 06:07:35"
"694","U1694","陈蕊真","15190267365","A1694","2020-08-06 06:07:35"
"695","U1695","陈　真","15175924073","A1695","2020-08-06 06:07:35"
"696","U1696","陈梅晓","15153094285","A1696","2020-08-06 06:07:35"
"697","U1697","陈纨仪","13957956521","A1697","2020-08-06 06:07:35"
"698","U1698","陈蓓伊","13733244980","A1698","2020-08-06 06:07:35"
"699","U1699","陈妹婉","13965963502","A1699","2020-08-06 06:07:35"
"700","U1700","陈　冰","13739647014","A1700","2020-08-06 06:07:35"
"701","U1701","陈娅娜","13111616713","A1701","2020-08-06 06:07:35"
"702","U1702","陈红思","15164247845","A1702","2020-08-06 06:07:35"
"703","U1703","陈珠冰","13558533505","A1703","2020-08-06 06:07:35"
"704","U1704","陈融静","13761972669","A1704","2020-08-06 06:07:35"
"705","U1705","陈倩伊","15169892336","A1705","2020-08-06 06:07:35"
"706","U1706","陈悦燕","13749320206","A1706","2020-08-06 06:07:35"
"707","U1707","陈思凡","13796971702","A1707","2020-08-06 06:07:35"
"708","U1708","陈洁茜","13549017896","A1708","2020-08-06 06:07:35"
"709","U1709","陈华莲","13733548392","A1709","2020-08-06 06:07:35"
"710","U1710","陈彩茜","13198136687","A1710","2020-08-06 06:07:35"
"711","U1711","陈娴希","13178408512","A1711","2020-08-06 06:07:35"
"712","U1712","陈昭悦","13179983365","A1712","2020-08-06 06:07:35"
"713","U1713","陈翠筠","13756218120","A1713","2020-08-06 06:07:35"
"714","U1714","陈　枝","13997700579","A1714","2020-08-06 06:07:35"
"715","U1715","陈　枝","13513286104","A1715","2020-08-06 06:07:35"
"716","U1716","陈贞君","13141513042","A1716","2020-08-06 06:07:35"
"717","U1717","陈凤倩","13196865299","A1717","2020-08-06 06:07:35"
"718","U1718","陈娥菊","13550778346","A1718","2020-08-06 06:07:35"
"719","U1719","陈卿娣","13591505759","A1719","2020-08-06 06:07:35"
"720","U1720","陈彩艳","13179422214","A1720","2020-08-06 06:07:35"
"721","U1721","刘莺希","13541692675","A1721","2020-08-06 06:07:35"
"722","U1722","刘莎秀","13728405867","A1722","2020-08-06 06:07:35"
"723","U1723","刘雪瑞","13140246501","A1723","2020-08-06 06:07:35"
"724","U1724","刘菁翠","15184806244","A1724","2020-08-06 06:07:35"
"725","U1725","刘锦秀","13773075609","A1725","2020-08-06 06:07:35"
"726","U1726","刘瑞毓","13134974643","A1726","2020-08-06 06:07:35"
"727","U1727","刘瑶澜","13568391065","A1727","2020-08-06 06:07:35"
"728","U1728","刘卿洁","13131349789","A1728","2020-08-06 06:07:35"
"729","U1729","刘亚妹","13918546288","A1729","2020-08-06 06:07:35"
"730","U1730","刘眉晓","15178258417","A1730","2020-08-06 06:07:35"
"731","U1731","刘枝珍","13718564907","A1731","2020-08-06 06:07:35"
"732","U1732","刘雪仪","13110716348","A1732","2020-08-06 06:07:35"
"733","U1733","刘聪瑞","13974390232","A1733","2020-08-06 06:07:35"
"734","U1734","刘洁羽","13172592904","A1734","2020-08-06 06:07:35"
"735","U1735","刘澜馥","13119506865","A1735","2020-08-06 06:07:35"
"736","U1736","刘锦可","13740494024","A1736","2020-08-06 06:07:35"
"737","U1737","刘萍茜","13747966329","A1737","2020-08-06 06:07:35"
"738","U1738","刘　娜","13545542334","A1738","2020-08-06 06:07:35"
"739","U1739","刘玲欢","13564947561","A1739","2020-08-06 06:07:35"
"740","U1740","刘薇珊","13142762158","A1740","2020-08-06 06:07:35"
"741","U1741","刘锦春","13911931134","A1741","2020-08-06 06:07:35"
"742","U1742","刘云娟","13915407430","A1742","2020-08-06 06:07:35"
"743","U1743","刘　纨","15199828324","A1743","2020-08-06 06:07:35"
"744","U1744","刘红静","13592777799","A1744","2020-08-06 06:07:35"
"745","U1745","刘　晓","13950449781","A1745","2020-08-06 06:07:35"
"746","U1746","刘妹芳","13752513311","A1746","2020-08-06 06:07:35"
"747","U1747","刘枝黛","13528575647","A1747","2020-08-06 06:07:35"
"748","U1748","刘舒兰","13720190636","A1748","2020-08-06 06:07:35"
"749","U1749","刘雅岚","13724653954","A1749","2020-08-06 06:07:35"
"750","U1750","刘妍彩","15164083112","A1750","2020-08-06 06:07:35"
"751","U1751","刘柔娣","15183076154","A1751","2020-08-06 06:07:35"
"752","U1752","刘蕊娥","15126838291","A1752","2020-08-06 06:07:35"
"753","U1753","刘锦竹","15194857039","A1753","2020-08-06 06:07:35"
"754","U1754","刘琳美","13513498261","A1754","2020-08-06 06:07:35"
"755","U1755","刘露茜","13910843888","A1755","2020-08-06 06:07:35"
"756","U1756","刘素聪","13774725534","A1756","2020-08-06 06:07:35"
"757","U1757","刘羽雪","13587216510","A1757","2020-08-06 06:07:35"
"758","U1758","刘　翠","13791048459","A1758","2020-08-06 06:07:35"
"759","U1759","刘燕柔","15126543581","A1759","2020-08-06 06:07:35"
"760","U1760","刘纨琬","13782529238","A1760","2020-08-06 06:07:35"
"761","U1761","刘香嘉","15177407238","A1761","2020-08-06 06:07:35"
"762","U1762","刘婵琬","13960780498","A1762","2020-08-06 06:07:35"
"763","U1763","刘琼琦","13134965719","A1763","2020-08-06 06:07:35"
"764","U1764","刘洁芬","15168512934","A1764","2020-08-06 06:07:35"
"765","U1765","刘聪聪","13925738048","A1765","2020-08-06 06:07:35"
"766","U1766","刘君昭","13938393349","A1766","2020-08-06 06:07:35"
"767","U1767","刘苑琳","13950934546","A1767","2020-08-06 06:07:35"
"768","U1768","刘云叶","15182694874","A1768","2020-08-06 06:07:35"
"769","U1769","刘珊璐","13928313639","A1769","2020-08-06 06:07:35"
"770","U1770","刘悦翠","13191239797","A1770","2020-08-06 06:07:35"
"771","U1771","刘惠娣","13150958602","A1771","2020-08-06 06:07:35"
"772","U1772","刘嘉芝","13931511797","A1772","2020-08-06 06:07:35"
"773","U1773","刘玉英","13740160590","A1773","2020-08-06 06:07:35"
"774","U1774","刘蓓秀","13530056002","A1774","2020-08-06 06:07:35"
"775","U1775","刘青馥","13153235047","A1775","2020-08-06 06:07:35"
"776","U1776","刘寒琼","13766508609","A1776","2020-08-06 06:07:35"
"777","U1777","刘琼希","13747243602","A1777","2020-08-06 06:07:35"
"778","U1778","刘香丹","13751100577","A1778","2020-08-06 06:07:35"
"779","U1779","刘黛菲","13946968620","A1779","2020-08-06 06:07:35"
"780","U1780","刘爱黛","13770267747","A1780","2020-08-06 06:07:35"
"781","U1781","刘雁艳","13595149067","A1781","2020-08-06 06:07:35"
"782","U1782","刘娟珠","13793622089","A1782","2020-08-06 06:07:35"
"783","U1783","刘　贞","13729477154","A1783","2020-08-06 06:07:35"
"784","U1784","刘勤美","15174881213","A1784","2020-08-06 06:07:35"
"785","U1785","刘　宜","13186669312","A1785","2020-08-06 06:07:35"
"786","U1786","刘瑗翠","13936534145","A1786","2020-08-06 06:07:35"
"787","U1787","刘秋咏","15151187078","A1787","2020-08-06 06:07:35"
"788","U1788","刘　融","13981340551","A1788","2020-08-06 06:07:35"
"789","U1789","刘妹琰","13512988631","A1789","2020-08-06 06:07:35"
"790","U1790","刘菁荔","15161130257","A1790","2020-08-06 06:07:35"
"791","U1791","刘宜娜","15187381999","A1791","2020-08-06 06:07:35"
"792","U1792","刘莉勤","13745475587","A1792","2020-08-06 06:07:35"
"793","U1793","刘春荷","13995006374","A1793","2020-08-06 06:07:35"
"794","U1794","刘亚姣","13150707864","A1794","2020-08-06 06:07:35"
"795","U1795","刘爽瑶","13710415364","A1795","2020-08-06 06:07:35"
"796","U1796","刘璧柔","13560264577","A1796","2020-08-06 06:07:35"
"797","U1797","刘黛瑶","13766465112","A1797","2020-08-06 06:07:35"
"798","U1798","刘娴怡","13720281352","A1798","2020-08-06 06:07:35"
"799","U1799","刘娅欢","15192387810","A1799","2020-08-06 06:07:35"
"800","U1800","刘瑞环","13180048222","A1800","2020-08-06 06:07:35"
"801","U1801","刘霭柔","13965263341","A1801","2020-08-06 06:07:35"
"802","U1802","刘英琼","13783931264","A1802","2020-08-06 06:07:35"
"803","U1803","刘育英","13738514184","A1803","2020-08-06 06:07:35"
"804","U1804","刘园琳","13187626621","A1804","2020-08-06 06:07:35"
"805","U1805","刘爱芳","13535521540","A1805","2020-08-06 06:07:35"
"806","U1806","刘岚莉","13761597397","A1806","2020-08-06 06:07:35"
"807","U1807","刘希婷","13721886898","A1807","2020-08-06 06:07:35"
"808","U1808","刘菲菁","13786623647","A1808","2020-08-06 06:07:35"
"809","U1809","刘枫琰","13180329091","A1809","2020-08-06 06:07:35"
"810","U1810","刘嘉秀","13920072139","A1810","2020-08-06 06:07:35"
"811","U1811","刘　蕊","15183304048","A1811","2020-08-06 06:07:35"
"812","U1812","刘瑶香","13120931625","A1812","2020-08-06 06:07:35"
"813","U1813","刘可姣","13590642327","A1813","2020-08-06 06:07:35"
"814","U1814","刘凡聪","13945430396","A1814","2020-08-06 06:07:35"
"815","U1815","刘芸婵","13915589141","A1815","2020-08-06 06:07:35"
"816","U1816","刘雪岚","13949729128","A1816","2020-08-06 06:07:35"
"817","U1817","刘露佳","13520672359","A1817","2020-08-06 06:07:35"
"818","U1818","刘岚妍","13123426934","A1818","2020-08-06 06:07:35"
"819","U1819","刘菲薇","13575997410","A1819","2020-08-06 06:07:35"
"820","U1820","刘竹寒","13794449711","A1820","2020-08-06 06:07:35"
"821","U1821","刘　雪","13123789861","A1821","2020-08-06 06:07:35"
"822","U1822","刘瑗凡","13795942861","A1822","2020-08-06 06:07:35"
"823","U1823","刘宜岚","13152189817","A1823","2020-08-06 06:07:35"
"824","U1824","刘欣霭","13182377361","A1824","2020-08-06 06:07:35"
"825","U1825","刘希艳","15169988668","A1825","2020-08-06 06:07:35"
"826","U1826","刘　秋","13113425620","A1826","2020-08-06 06:07:35"
"827","U1827","刘菁眉","15122105116","A1827","2020-08-06 06:07:35"
"828","U1828","刘瑶澜","13589322306","A1828","2020-08-06 06:07:35"
"829","U1829","刘静雪","13173677028","A1829","2020-08-06 06:07:35"
"830","U1830","刘彩贞","13958902248","A1830","2020-08-06 06:07:35"
"831","U1831","刘梅可","15111196054","A1831","2020-08-06 06:07:35"
"832","U1832","刘伊晶","13148700058","A1832","2020-08-06 06:07:35"
"833","U1833","刘枝梅","13139586692","A1833","2020-08-06 06:07:35"
"834","U1834","刘　蕊","15172625827","A1834","2020-08-06 06:07:35"
"835","U1835","刘香鱼","13552616386","A1835","2020-08-06 06:07:35"
"836","U1836","刘菊羽","13971464748","A1836","2020-08-06 06:07:35"
"837","U1837","刘洁芬","13149509770","A1837","2020-08-06 06:07:35"
"838","U1838","刘素纨","13586398135","A1838","2020-08-06 06:07:35"
"839","U1839","刘昭梅","13712490341","A1839","2020-08-06 06:07:35"
"840","U1840","刘环姬","13151602052","A1840","2020-08-06 06:07:35"
"841","U1841","刘翰裕","13153366840","A1841","2020-08-06 06:07:35"
"842","U1842","刘山茂","15159832313","A1842","2020-08-06 06:07:35"
"843","U1843","刘琛仁","13770364269","A1843","2020-08-06 06:07:35"
"844","U1844","刘茂德","15125061866","A1844","2020-08-06 06:07:35"
"845","U1845","刘明榕","13532727040","A1845","2020-08-06 06:07:35"
"846","U1846","刘晨亮","15146923690","A1846","2020-08-06 06:07:35"
"847","U1847","刘和楠","13989260471","A1847","2020-08-06 06:07:35"
"848","U1848","刘俊琛","13721786837","A1848","2020-08-06 06:07:35"
"849","U1849","刘德腾","13122414746","A1849","2020-08-06 06:07:35"
"850","U1850","刘磊辉","13583637184","A1850","2020-08-06 06:07:35"
"851","U1851","刘亨翰","13542762903","A1851","2020-08-06 06:07:35"
"852","U1852","刘建盛","13535475217","A1852","2020-08-06 06:07:35"
"853","U1853","刘盛壮","13964922265","A1853","2020-08-06 06:07:35"
"854","U1854","刘辉先","15150351700","A1854","2020-08-06 06:07:35"
"855","U1855","刘钧固","13972133872","A1855","2020-08-06 06:07:35"
"856","U1856","刘朗发","13523848277","A1856","2020-08-06 06:07:35"
"857","U1857","刘邦磊","13949450090","A1857","2020-08-06 06:07:35"
"858","U1858","刘彪贵","13779020391","A1858","2020-08-06 06:07:35"
"859","U1859","刘辉世","13542813465","A1859","2020-08-06 06:07:35"
"860","U1860","刘文邦","15160047016","A1860","2020-08-06 06:07:35"
"861","U1861","刘　庆","13571202846","A1861","2020-08-06 06:07:35"
"862","U1862","刘轮会","13761092287","A1862","2020-08-06 06:07:35"
"863","U1863","刘彬飞","13923274556","A1863","2020-08-06 06:07:35"
"864","U1864","刘伯绍","13114022016","A1864","2020-08-06 06:07:35"
"865","U1865","刘达伯","15199452657","A1865","2020-08-06 06:07:35"
"866","U1866","刘心旭","13181021579","A1866","2020-08-06 06:07:35"
"867","U1867","刘昌成","15164611097","A1867","2020-08-06 06:07:35"
"868","U1868","刘震和","13733454350","A1868","2020-08-06 06:07:35"
"869","U1869","刘振善","13936442265","A1869","2020-08-06 06:07:35"
"870","U1870","刘炎心","15167294196","A1870","2020-08-06 06:07:35"
"871","U1871","刘克启","13731322473","A1871","2020-08-06 06:07:35"
"872","U1872","刘盛顺","13980332777","A1872","2020-08-06 06:07:35"
"873","U1873","刘政克","15138410361","A1873","2020-08-06 06:07:35"
"874","U1874","刘俊松","13784616202","A1874","2020-08-06 06:07:35"
"875","U1875","刘钧松","13558169208","A1875","2020-08-06 06:07:35"
"876","U1876","刘功江","13968723832","A1876","2020-08-06 06:07:35"
"877","U1877","刘超乐","13510901152","A1877","2020-08-06 06:07:35"
"878","U1878","刘　广","15118296553","A1878","2020-08-06 06:07:35"
"879","U1879","刘仁以","15137934891","A1879","2020-08-06 06:07:35"
"880","U1880","刘敬楠","13597647330","A1880","2020-08-06 06:07:35"
"881","U1881","刘全政","15193177814","A1881","2020-08-06 06:07:35"
"882","U1882","刘强志","13588893129","A1882","2020-08-06 06:07:35"
"883","U1883","刘伦杰","13522135697","A1883","2020-08-06 06:07:35"
"884","U1884","刘利豪","13535856466","A1884","2020-08-06 06:07:35"
"885","U1885","刘生亨","13514830165","A1885","2020-08-06 06:07:35"
"886","U1886","刘泰致","13534526425","A1886","2020-08-06 06:07:35"
"887","U1887","刘心航","13752819849","A1887","2020-08-06 06:07:35"
"888","U1888","刘　顺","15174259143","A1888","2020-08-06 06:07:35"
"889","U1889","刘彪伦","13973285186","A1889","2020-08-06 06:07:35"
"890","U1890","刘利杰","13936052163","A1890","2020-08-06 06:07:35"
"891","U1891","刘进达","13725787008","A1891","2020-08-06 06:07:35"
"892","U1892","刘彪克","13522978729","A1892","2020-08-06 06:07:35"
"893","U1893","刘达德","13757739239","A1893","2020-08-06 06:07:35"
"894","U1894","刘平刚","13516715235","A1894","2020-08-06 06:07:35"
"895","U1895","刘鹏文","13721318676","A1895","2020-08-06 06:07:35"
"896","U1896","刘有杰","13721730412","A1896","2020-08-06 06:07:35"
"897","U1897","刘志哲","13538961655","A1897","2020-08-06 06:07:35"
"898","U1898","刘伦时","13779330353","A1898","2020-08-06 06:07:35"
"899","U1899","刘绍厚","13727612327","A1899","2020-08-06 06:07:35"
"900","U1900","刘兴弘","13986138574","A1900","2020-08-06 06:07:35"
"901","U1901","刘榕善","13119489403","A1901","2020-08-06 06:07:35"
"902","U1902","刘致岩","15189876944","A1902","2020-08-06 06:07:35"
"903","U1903","刘峰子","13122021132","A1903","2020-08-06 06:07:35"
"904","U1904","刘谦文","13176996187","A1904","2020-08-06 06:07:35"
"905","U1905","刘　翔","13186700522","A1905","2020-08-06 06:07:35"
"906","U1906","刘健新","13954346913","A1906","2020-08-06 06:07:35"
"907","U1907","刘富航","13761196248","A1907","2020-08-06 06:07:35"
"908","U1908","刘轮俊","13535770666","A1908","2020-08-06 06:07:35"
"909","U1909","刘武之","13748556111","A1909","2020-08-06 06:07:35"
"910","U1910","刘俊辰","15191073434","A1910","2020-08-06 06:07:35"
"911","U1911","刘　保","13759482357","A1911","2020-08-06 06:07:35"
"912","U1912","刘发功","15131210918","A1912","2020-08-06 06:07:35"
"913","U1913","刘　博","13967036993","A1913","2020-08-06 06:07:35"
"914","U1914","刘时坚","13536399017","A1914","2020-08-06 06:07:35"
"915","U1915","刘贵龙","13772201804","A1915","2020-08-06 06:07:35"
"916","U1916","刘杰琛","13765796728","A1916","2020-08-06 06:07:35"
"917","U1917","刘全明","13536122780","A1917","2020-08-06 06:07:35"
"918","U1918","刘伦子","13922459263","A1918","2020-08-06 06:07:35"
"919","U1919","刘辰德","15119797158","A1919","2020-08-06 06:07:35"
"920","U1920","刘宁和","13747847782","A1920","2020-08-06 06:07:35"
"921","U1921","刘昌祥","13141180271","A1921","2020-08-06 06:07:35"
"922","U1922","刘以翔","13969017787","A1922","2020-08-06 06:07:35"
"923","U1923","刘朋朋","15160029345","A1923","2020-08-06 06:07:35"
"924","U1924","刘之林","13166284592","A1924","2020-08-06 06:07:35"
"925","U1925","刘　强","13777869377","A1925","2020-08-06 06:07:35"
"926","U1926","刘和富","13993229162","A1926","2020-08-06 06:07:35"
"927","U1927","刘栋以","13189815654","A1927","2020-08-06 06:07:35"
"928","U1928","刘以启","13591936310","A1928","2020-08-06 06:07:35"
"929","U1929","刘子家","15128486850","A1929","2020-08-06 06:07:35"
"930","U1930","刘策刚","13774510203","A1930","2020-08-06 06:07:35"
"931","U1931","刘榕伯","13144797922","A1931","2020-08-06 06:07:35"
"932","U1932","刘彬毅","13592394948","A1932","2020-08-06 06:07:35"
"933","U1933","刘信强","13756349819","A1933","2020-08-06 06:07:35"
"934","U1934","刘维楠","13141536223","A1934","2020-08-06 06:07:35"
"935","U1935","刘子泰","13566027440","A1935","2020-08-06 06:07:35"
"936","U1936","刘乐磊","13951045744","A1936","2020-08-06 06:07:35"
"937","U1937","刘谦家","13915077153","A1937","2020-08-06 06:07:35"
"938","U1938","刘　乐","13938214331","A1938","2020-08-06 06:07:35"
"939","U1939","刘利乐","15193708237","A1939","2020-08-06 06:07:35"
"940","U1940","刘腾风","13969958310","A1940","2020-08-06 06:07:35"
"941","U1941","刘胜勇","13923709755","A1941","2020-08-06 06:07:35"
"942","U1942","刘谦时","15125695785","A1942","2020-08-06 06:07:35"
"943","U1943","刘生时","15171676146","A1943","2020-08-06 06:07:35"
"944","U1944","刘毅和","13715395538","A1944","2020-08-06 06:07:35"
"945","U1945","刘绍航","13543323901","A1945","2020-08-06 06:07:35"
"946","U1946","刘　林","15157092186","A1946","2020-08-06 06:07:35"
"947","U1947","刘贵山","13724143724","A1947","2020-08-06 06:07:35"
"948","U1948","刘博冠","13116419727","A1948","2020-08-06 06:07:35"
"949","U1949","刘绍行","13148793716","A1949","2020-08-06 06:07:35"
"950","U1950","刘伯斌","13160597450","A1950","2020-08-06 06:07:35"
"951","U1951","刘克保","13984361156","A1951","2020-08-06 06:07:35"
"952","U1952","刘兴伟","15195788528","A1952","2020-08-06 06:07:35"
"953","U1953","刘峰鹏","15152943670","A1953","2020-08-06 06:07:35"
"954","U1954","刘志启","13168083972","A1954","2020-08-06 06:07:35"
"955","U1955","刘哲彪","13128472298","A1955","2020-08-06 06:07:35"
"956","U1956","刘生进","13972686548","A1956","2020-08-06 06:07:35"
"957","U1957","刘致若","13995484421","A1957","2020-08-06 06:07:35"
"958","U1958","刘昌琛","13726262240","A1958","2020-08-06 06:07:35"
"959","U1959","刘壮厚","13161784853","A1959","2020-08-06 06:07:35"
"960","U1960","刘时康","13794700256","A1960","2020-08-06 06:07:35"
"961","U1961","刘浩泽","13558702919","A1961","2020-08-06 06:07:35"
"962","U1962","刘维元","13711507312","A1962","2020-08-06 06:07:35"
"963","U1963","刘岩鹏","13710127486","A1963","2020-08-06 06:07:35"
"964","U1964","刘壮厚","13910106006","A1964","2020-08-06 06:07:35"
"965","U1965","刘信茂","13764393270","A1965","2020-08-06 06:07:35"
"966","U1966","刘胜成","13162939371","A1966","2020-08-06 06:07:35"
"967","U1967","刘进顺","15179529503","A1967","2020-08-06 06:07:35"
"968","U1968","刘文之","13574992450","A1968","2020-08-06 06:07:35"
"969","U1969","刘之邦","13584920381","A1969","2020-08-06 06:07:35"
"970","U1970","刘涛轮","13179988933","A1970","2020-08-06 06:07:35"
"971","U1971","刘磊树","13559237819","A1971","2020-08-06 06:07:35"
"972","U1972","刘刚勇","13555681557","A1972","2020-08-06 06:07:35"
"973","U1973","刘辰河","15185291920","A1973","2020-08-06 06:07:35"
"974","U1974","刘伦星","13919379485","A1974","2020-08-06 06:07:35"
"975","U1975","刘志斌","13131456898","A1975","2020-08-06 06:07:35"
"976","U1976","刘成之","13538365426","A1976","2020-08-06 06:07:35"
"977","U1977","刘浩建","13773132647","A1977","2020-08-06 06:07:35"
"978","U1978","刘　行","13995557423","A1978","2020-08-06 06:07:35"
"979","U1979","刘以和","13788644907","A1979","2020-08-06 06:07:35"
"980","U1980","刘壮昌","15184549467","A1980","2020-08-06 06:07:35"
"981","U1981","刘哲强","15113160991","A1981","2020-08-06 06:07:35"
"982","U1982","刘彬良","13598131080","A1982","2020-08-06 06:07:35"
"983","U1983","刘栋中","13579903714","A1983","2020-08-06 06:07:35"
"984","U1984","刘杰明","13725261689","A1984","2020-08-06 06:07:35"
"985","U1985","刘　梁","13770016006","A1985","2020-08-06 06:07:35"
"986","U1986","刘广轮","15127256296","A1986","2020-08-06 06:07:35"
"987","U1987","刘明振","13573550438","A1987","2020-08-06 06:07:35"
"988","U1988","刘邦先","15143775791","A1988","2020-08-06 06:07:35"
"989","U1989","刘伟子","13115299088","A1989","2020-08-06 06:07:35"
"990","U1990","刘义若","13793703654","A1990","2020-08-06 06:07:35"
"991","U1991","刘伦胜","13729961604","A1991","2020-08-06 06:07:35"
"992","U1992","刘广会","13971447764","A1992","2020-08-06 06:07:35"
"993","U1993","刘宁福","13996967792","A1993","2020-08-06 06:07:35"
"994","U1994","刘勇彪","15136481319","A1994","2020-08-06 06:07:35"
"995","U1995","刘生健","13151764675","A1995","2020-08-06 06:07:35"
"996","U1996","刘思德","13155570535","A1996","2020-08-06 06:07:35"
"997","U1997","刘河昌","15157251604","A1997","2020-08-06 06:07:35"
"998","U1998","刘信若","13116912673","A1998","2020-08-06 06:07:35"
"999","U1999","刘致俊","13929182667","A1999","2020-08-06 06:07:35"
"1000","U2000","刘豪生","15177495281","A2000","2020-08-06 06:07:35"
"1001","U2001","刘健林","13541666950","A2001","2020-08-06 06:07:35"
"1002","U2002","刘　斌","13948498912","A2002","2020-08-06 06:07:35"
"1003","U2003","刘友心","15120466374","A2003","2020-08-06 06:07:35"
"1004","U2004","刘信峰","13785111474","A2004","2020-08-06 06:07:35"
"1005","U2005","刘政顺","13128364061","A2005","2020-08-06 06:07:35"
"1006","U2006","刘克江","13586381934","A2006","2020-08-06 06:07:35"
"1007","U2007","刘海翔","13738510139","A2007","2020-08-06 06:07:35"
"1008","U2008","刘全彪","13763081283","A2008","2020-08-06 06:07:35"
"1009","U2009","刘盛星","13726026736","A2009","2020-08-06 06:07:35"
"1010","U2010","刘子谦","13529233463","A2010","2020-08-06 06:07:35"
"1011","U2011","刘琛鸣","15116643504","A2011","2020-08-06 06:07:35"
"1012","U2012","刘东山","15124790203","A2012","2020-08-06 06:07:35"
"1013","U2013","刘宁晨","13128176697","A2013","2020-08-06 06:07:35"
"1014","U2014","刘　冠","15177492224","A2014","2020-08-06 06:07:35"
"1015","U2015","刘江峰","13161931904","A2015","2020-08-06 06:07:35"
"1016","U2016","刘行厚","13926348862","A2016","2020-08-06 06:07:35"
"1017","U2017","刘海行","13181404588","A2017","2020-08-06 06:07:35"
"1018","U2018","刘乐利","13144918104","A2018","2020-08-06 06:07:35"
"1019","U2019","刘涛岩","13121498901","A2019","2020-08-06 06:07:35"
"1020","U2020","刘河炎","13528421996","A2020","2020-08-06 06:07:35"
"1021","U2021","李舒聪","13536452847","A2021","2020-08-06 06:07:35"
"1022","U2022","李芬枫","13910684235","A2022","2020-08-06 06:07:35"
"1023","U2023","李　爱","13548925438","A2023","2020-08-06 06:07:35"
"1024","U2024","李欢舒","15174476890","A2024","2020-08-06 06:07:35"
"1025","U2025","李　巧","13967799893","A2025","2020-08-06 06:07:35"
"1026","U2026","李青香","13712974208","A2026","2020-08-06 06:07:35"
"1027","U2027","李佳飘","13517935069","A2027","2020-08-06 06:07:35"
"1028","U2028","李琼蕊","13797443151","A2028","2020-08-06 06:07:35"
"1029","U2029","李璐咏","15133628862","A2029","2020-08-06 06:07:35"
"1030","U2030","李叶晓","13997138887","A2030","2020-08-06 06:07:35"
"1031","U2031","李菁青","13561038203","A2031","2020-08-06 06:07:35"
"1032","U2032","李琳荔","13129477335","A2032","2020-08-06 06:07:35"
"1033","U2033","李薇月","15180502699","A2033","2020-08-06 06:07:35"
"1034","U2034","李育彩","13567609222","A2034","2020-08-06 06:07:35"
"1035","U2035","李美颖","13990204922","A2035","2020-08-06 06:07:35"
"1036","U2036","李妹澜","13586177978","A2036","2020-08-06 06:07:35"
"1037","U2037","李芬凝","13985327097","A2037","2020-08-06 06:07:35"
"1038","U2038","李艳思","13762782371","A2038","2020-08-06 06:07:35"
"1039","U2039","李春翠","13997395430","A2039","2020-08-06 06:07:35"
"1040","U2040","李娅珊","13518822076","A2040","2020-08-06 06:07:35"
"1041","U2041","李丹凤","15142593450","A2041","2020-08-06 06:07:35"
"1042","U2042","李娥寒","13123000072","A2042","2020-08-06 06:07:35"
"1043","U2043","李菊希","15141840754","A2043","2020-08-06 06:07:35"
"1044","U2044","李叶月","13986471754","A2044","2020-08-06 06:07:35"
"1045","U2045","李霄华","13797988729","A2045","2020-08-06 06:07:35"
"1046","U2046","李芝欢","13922129710","A2046","2020-08-06 06:07:35"
"1047","U2047","李翠莎","13951869385","A2047","2020-08-06 06:07:35"
"1048","U2048","李怡韵","13714036662","A2048","2020-08-06 06:07:35"
"1049","U2049","李莉媛","15162701326","A2049","2020-08-06 06:07:35"
"1050","U2050","李馨静","13111959769","A2050","2020-08-06 06:07:35"
"1051","U2051","李蓉玲","15118495169","A2051","2020-08-06 06:07:35"
"1052","U2052","李璧飘","13187167732","A2052","2020-08-06 06:07:35"
"1053","U2053","李霭莲","15113521303","A2053","2020-08-06 06:07:35"
"1054","U2054","李巧滢","13978182439","A2054","2020-08-06 06:07:35"
"1055","U2055","李茜育","13194030577","A2055","2020-08-06 06:07:35"
"1056","U2056","李琬华","13995357985","A2056","2020-08-06 06:07:35"
"1057","U2057","李　柔","13175303815","A2057","2020-08-06 06:07:35"
"1058","U2058","李荷黛","15121678348","A2058","2020-08-06 06:07:35"
"1059","U2059","李丽菊","15153121072","A2059","2020-08-06 06:07:35"
"1060","U2060","李冰梅","15166319450","A2060","2020-08-06 06:07:35"
"1061","U2061","李宜颖","13998691854","A2061","2020-08-06 06:07:35"
"1062","U2062","李英娅","13719667357","A2062","2020-08-06 06:07:35"
"1063","U2063","李可瑶","13180523642","A2063","2020-08-06 06:07:35"
"1064","U2064","李婉莺","15113044889","A2064","2020-08-06 06:07:35"
"1065","U2065","李君亚","13985806137","A2065","2020-08-06 06:07:35"
"1066","U2066","李黛娣","13552854043","A2066","2020-08-06 06:07:35"
"1067","U2067","李贞倩","13522431396","A2067","2020-08-06 06:07:35"
"1068","U2068","李凡仪","13572447582","A2068","2020-08-06 06:07:35"
"1069","U2069","李聪莉","13580989984","A2069","2020-08-06 06:07:35"
"1070","U2070","李青娣","13730091934","A2070","2020-08-06 06:07:35"
"1071","U2071","李聪彩","13513188297","A2071","2020-08-06 06:07:35"
"1072","U2072","李薇欢","13550570113","A2072","2020-08-06 06:07:35"
"1073","U2073","李璧枝","13571457850","A2073","2020-08-06 06:07:35"
"1074","U2074","李菲瑞","15182909431","A2074","2020-08-06 06:07:35"
"1075","U2075","李怡婕","15124622245","A2075","2020-08-06 06:07:35"
"1076","U2076","李宁茜","13938021430","A2076","2020-08-06 06:07:35"
"1077","U2077","李墨勤","13163591959","A2077","2020-08-06 06:07:35"
"1078","U2078","李飘兰","13525006438","A2078","2020-08-06 06:07:35"
"1079","U2079","李妹希","13921164756","A2079","2020-08-06 06:07:35"
"1080","U2080","李滢云","15147007068","A2080","2020-08-06 06:07:35"
"1081","U2081","赵英亚","13599286030","A2081","2020-08-06 06:07:35"
"1082","U2082","赵璐娴","15147801707","A2082","2020-08-06 06:07:35"
"1083","U2083","赵妹珊","13792954080","A2083","2020-08-06 06:07:35"
"1084","U2084","赵菁飘","13782242246","A2084","2020-08-06 06:07:35"
